PMID,Title,Authors,Citation,First Author,Journal/Book,Publication Year,Create Date,PMCID,NIHMS ID,DOI
"25623578","Transparent reporting of a multivariable prediction model for individual prognosis or diagnosis (TRIPOD): the TRIPOD statement","Collins GS, Reitsma JB, Altman DG, Moons KG.","BJOG. 2015 Feb;122(3):434-43. doi: 10.1111/1471-0528.13244.","Collins GS","BJOG","2015","2015/01/28","","","10.1111/1471-0528.13244"
"39025748","Meta-analysis of Individual Patient-level Data for a Multimodal Artificial Intelligence Biomarker in High-risk Prostate Cancer: Results from Six NRG/RTOG Phase 3 Randomized Trials","Spratt DE, Liu VYT, Jia AY, Royce TJ, Sandler HM, Pugh SL, Tran PT, Feng FY.","Eur Urol. 2024 Oct;86(4):369-371. doi: 10.1016/j.eururo.2024.06.019. Epub 2024 Jul 17.","Spratt DE","Eur Urol","2024","2024/07/18","PMC11480946","NIHMS2022431","10.1016/j.eururo.2024.06.019"
"37712421","Maternal PlGF and umbilical Dopplers predict pregnancy outcomes at diagnosis of early-onset fetal growth restriction","Spencer R, Maksym K, Hecher K, Maršál K, Figueras F, Ambler G, Whitwell H, Nené NR, Sebire NJ, Hansson SR, Diemert A, Brodszki J, Gratacós E, Ginsberg Y, Weissbach T, Peebles DM, Zachary I, Marlow N, Huertas-Ceballos A, David AL.","J Clin Invest. 2023 Sep 15;133(18):e169199. doi: 10.1172/JCI169199.","Spencer R","J Clin Invest","2023","2023/09/15","PMC10503803","","10.1172/JCI169199"
"31932878","Performance of CT-based radiomics in diagnosis of superior mesenteric vein resection margin in patients with pancreatic head cancer","Bian Y, Jiang H, Ma C, Cao K, Fang X, Li J, Wang L, Zheng J, Lu J.","Abdom Radiol (NY). 2020 Mar;45(3):759-773. doi: 10.1007/s00261-019-02401-9.","Bian Y","Abdom Radiol (NY)","2020","2020/01/15","","","10.1007/s00261-019-02401-9"
"34421515","Exploratory Radiomic Analysis of Conventional vs. Quantitative Brain MRI: Toward Automatic Diagnosis of Early Multiple Sclerosis","Lavrova E, Lommers E, Woodruff HC, Chatterjee A, Maquet P, Salmon E, Lambin P, Phillips C.","Front Neurosci. 2021 Aug 5;15:679941. doi: 10.3389/fnins.2021.679941. eCollection 2021.","Lavrova E","Front Neurosci","2021","2021/08/23","PMC8374240","","10.3389/fnins.2021.679941"
"40056247","Prognostic risk modeling of endometrial cancer using programmed cell death-related genes: a comprehensive machine learning approach","Chen T, Yang Y, Huang Z, Pan F, Xiao Z, Gong K, Huang W, Xu L, Liu X, Fang C.","Discov Oncol. 2025 Mar 8;16(1):280. doi: 10.1007/s12672-025-02039-8.","Chen T","Discov Oncol","2025","2025/03/08","PMC11890841","","10.1007/s12672-025-02039-8"
"26152680","Clinical Prediction Models for Cardiovascular Disease: Tufts Predictive Analytics and Comparative Effectiveness Clinical Prediction Model Database","Wessler BS, Lai Yh L, Kramer W, Cangelosi M, Raman G, Lutz JS, Kent DM.","Circ Cardiovasc Qual Outcomes. 2015 Jul;8(4):368-75. doi: 10.1161/CIRCOUTCOMES.115.001693. Epub 2015 Jul 7.","Wessler BS","Circ Cardiovasc Qual Outcomes","2015","2015/07/09","PMC4512876","NIHMS692018","10.1161/CIRCOUTCOMES.115.001693"
"37954711","The Impact of Artificial Intelligence on Optimizing Diagnosis and Treatment Plans for Rare Genetic Disorders","Abdallah S, Sharifa M, I Kh Almadhoun MK, Khawar MM Sr, Shaikh U, Balabel KM, Saleh I, Manzoor A, Mandal AK, Ekomwereren O, Khine WM, Oyelaja OT.","Cureus. 2023 Oct 11;15(10):e46860. doi: 10.7759/cureus.46860. eCollection 2023 Oct.","Abdallah S","Cureus","2023","2023/11/13","PMC10636514","","10.7759/cureus.46860"
"27512330","Hypothermia as a predictor for mortality in trauma patients at admittance to the Intensive Care Unit","Balvers K, Van der Horst M, Graumans M, Boer C, Binnekade JM, Goslings JC, Juffermans NP.","J Emerg Trauma Shock. 2016 Jul-Sep;9(3):97-102. doi: 10.4103/0974-2700.185276.","Balvers K","J Emerg Trauma Shock","2016","2016/08/12","PMC4960783","","10.4103/0974-2700.185276"
"35111778","Prediction and Clinically Important Factors of Acute Kidney Injury Non-recovery","Liu CL, Tain YL, Lin YC, Hsu CN.","Front Med (Lausanne). 2022 Jan 17;8:789874. doi: 10.3389/fmed.2021.789874. eCollection 2021.","Liu CL","Front Med (Lausanne)","2022","2022/02/03","PMC8801583","","10.3389/fmed.2021.789874"
"35202464","Mastering Prognostic Tools: An Opportunity to Enhance Personalized Care and to Optimize Clinical Outcomes in Physical Therapy","Tousignant-Laflamme Y, Houle C, Cook C, Naye F, LeBlanc A, Décary S.","Phys Ther. 2022 May 5;102(5):pzac023. doi: 10.1093/ptj/pzac023.","Tousignant-Laflamme Y","Phys Ther","2022","2022/02/24","PMC9155156","","10.1093/ptj/pzac023"
"34916817","Dynamic Nomogram for Predicting Thrombocytopenia in Adults with Acute Pancreatitis","Deng H, Yu X, Gao K, Liu Y, Tong Z, Liu Y, Li W.","J Inflamm Res. 2021 Dec 8;14:6657-6667. doi: 10.2147/JIR.S339981. eCollection 2021.","Deng H","J Inflamm Res","2021","2021/12/17","PMC8667610","","10.2147/JIR.S339981"
"37551363","Parental risk factors associated with congenital heart disease in a Thai population: multivariable analysis","Suwansumrit C, Jittham W.","Asian Biomed (Res Rev News). 2021 Dec 30;15(6):267-276. doi: 10.2478/abm-2021-0033. eCollection 2021 Dec.","Suwansumrit C","Asian Biomed (Res Rev News)","2021","2023/08/08","PMC10321219","","10.2478/abm-2021-0033"
"32343872","Noncontrast Radiomics Approach for Predicting Grades of Nonfunctional Pancreatic Neuroendocrine Tumors","Bian Y, Zhao Z, Jiang H, Fang X, Li J, Cao K, Ma C, Guo S, Wang L, Jin G, Lu J, Xu J.","J Magn Reson Imaging. 2020 Oct;52(4):1124-1136. doi: 10.1002/jmri.27176. Epub 2020 Apr 28.","Bian Y","J Magn Reson Imaging","2020","2020/04/29","PMC7895298","NIHMS1668346","10.1002/jmri.27176"
"34404703","Prediction models for hospital readmissions in patients with heart disease: a systematic review and meta-analysis","Van Grootven B, Jepma P, Rijpkema C, Verweij L, Leeflang M, Daams J, Deschodt M, Milisen K, Flamaing J, Buurman B.","BMJ Open. 2021 Aug 17;11(8):e047576. doi: 10.1136/bmjopen-2020-047576.","Van Grootven B","BMJ Open","2021","2021/08/18","PMC8372817","","10.1136/bmjopen-2020-047576"
"40055572","Hallmarks of artificial intelligence contributions to precision oncology","Chang TG, Park S, Schäffer AA, Jiang P, Ruppin E.","Nat Cancer. 2025 Mar;6(3):417-431. doi: 10.1038/s43018-025-00917-2. Epub 2025 Mar 7.","Chang TG","Nat Cancer","2025","2025/03/07","PMC11957836","NIHMS2065246","10.1038/s43018-025-00917-2"
"32984794","Prediction models for COVID-19 clinical decision making","Leeuwenberg AM, Schuit E.","Lancet Digit Health. 2020 Oct;2(10):e496-e497. doi: 10.1016/S2589-7500(20)30226-0. Epub 2020 Sep 22.","Leeuwenberg AM","Lancet Digit Health","2020","2020/09/28","PMC7508517","","10.1016/S2589-7500(20)30226-0"
"39372465","Machine-Learning for Phenotyping and Prognostication of Myocardial Infarction and Injury in Suspected Acute Coronary Syndrome","Khan E, Lambrakis K, Liao Z, Gerlach J, Briffa T, Cullen L, Nelson AJ, Verjans J, Chew DP.","JACC Adv. 2024 Jun 19;3(9):101011. doi: 10.1016/j.jacadv.2024.101011. eCollection 2024 Sep.","Khan E","JACC Adv","2024","2024/10/07","PMC11450946","","10.1016/j.jacadv.2024.101011"
"34072509","Modeling-Based Decision Support System for Radical Prostatectomy Versus External Beam Radiotherapy for Prostate Cancer Incorporating an In Silico Clinical Trial and a Cost-Utility Study","van Wijk Y, Ramaekers B, Vanneste BGL, Halilaj I, Oberije C, Chatterjee A, Marcelissen T, Jochems A, Woodruff HC, Lambin P.","Cancers (Basel). 2021 May 29;13(11):2687. doi: 10.3390/cancers13112687.","van Wijk Y","Cancers (Basel)","2021","2021/06/02","PMC8198879","","10.3390/cancers13112687"
"33772334","[(18)F]FDG PET radiomics to predict disease-free survival in cervical cancer: a multi-scanner/center study with external validation","Ferreira M, Lovinfosse P, Hermesse J, Decuypere M, Rousseau C, Lucia F, Schick U, Reinhold C, Robin P, Hatt M, Visvikis D, Bernard C, Leijenaar RTH, Kridelka F, Lambin P, Meyer PE, Hustinx R.","Eur J Nucl Med Mol Imaging. 2021 Oct;48(11):3432-3443. doi: 10.1007/s00259-021-05303-5. Epub 2021 Mar 26.","Ferreira M","Eur J Nucl Med Mol Imaging","2021","2021/03/27","PMC8440288","","10.1007/s00259-021-05303-5"
"38421063","The malarial blood transcriptome: translational applications","Dunican C, Andradi-Brown C, Ebmeier S, Georgiadou A, Cunnington AJ.","Biochem Soc Trans. 2024 Apr 24;52(2):651-660. doi: 10.1042/BST20230497.","Dunican C","Biochem Soc Trans","2024","2024/02/29","PMC11088907","","10.1042/BST20230497"
"35309895","Derivation and Validation of the Cognitive Impairment Prediction Model in Older Adults: A National Cohort Study","Hu M, Gao Y, Kwok TCY, Shao Z, Xiao LD, Feng H.","Front Aging Neurosci. 2022 Mar 4;14:755005. doi: 10.3389/fnagi.2022.755005. eCollection 2022.","Hu M","Front Aging Neurosci","2022","2022/03/21","PMC8931520","","10.3389/fnagi.2022.755005"
"36611107","Prediction of extubation failure among low birthweight neonates using machine learning","Natarajan A, Lam G, Liu J, Beam AL, Beam KS, Levin JC.","J Perinatol. 2023 Feb;43(2):209-214. doi: 10.1038/s41372-022-01591-3. Epub 2023 Jan 7.","Natarajan A","J Perinatol","2023","2023/01/07","PMC10348822","NIHMS1913006","10.1038/s41372-022-01591-3"
"32193276","Modified paediatric preoperative risk prediction score to predict postoperative ICU admission in children: a retrospective cohort study","Lian C, Wang P, Fu Q, Du X, Wu J, Lian Q, ShangGuan W.","BMJ Open. 2020 Mar 18;10(3):e036008. doi: 10.1136/bmjopen-2019-036008.","Lian C","BMJ Open","2020","2020/03/21","PMC7150599","","10.1136/bmjopen-2019-036008"
"36507806","Predicting outcome in acute respiratory admissions using patterns of National Early Warning Scores","Forster S, McKeever TM, Churpek M, Gonem S, Shaw D.","Clin Med (Lond). 2022 Sep;22(5):409-415. doi: 10.7861/clinmed.2022-0074.","Forster S","Clin Med (Lond)","2022","2022/12/12","PMC9595013","","10.7861/clinmed.2022-0074"
"35972749","Including measures of chronic kidney disease to improve cardiovascular risk prediction by SCORE2 and SCORE2-OP","Matsushita K, Kaptoge S, Hageman SHJ, Sang Y, Ballew SH, Grams ME, Surapaneni A, Sun L, Arnlov J, Bozic M, Brenner H, Brunskill NJ, Chang AR, Chinnadurai R, Cirillo M, Correa A, Ebert N, Eckardt KU, Gansevoort RT, Gutierrez O, Hadaegh F, He J, Hwang SJ, Jafar TH, Jassal SK, Kayama T, Kovesdy CP, Landman GW, Levey AS, Lloyd-Jones DM, Major RW, Miura K, Muntner P, Nadkarni GN, Nowak C, Ohkubo T, Pena MJ, Polkinghorne KR, Sairenchi T, Schaeffner E, Schneider MP, Shalev V, Shlipak MG, Solbu MD, Stempniewicz N, Tollitt J, Valdivielso JM, van der Leeuw J, Wang AY, Wen CP, Woodward M, Yamagishi K, Yatsuya H, Zhang L, Dorresteijn JAN, Di Angelantonio E, Visseren FLJ, Pennells L, Coresh J.","Eur J Prev Cardiol. 2023 Jan 11;30(1):8-16. doi: 10.1093/eurjpc/zwac176.","Matsushita K","Eur J Prev Cardiol","2023","2022/08/16","PMC9839538","NIHMS1844083","10.1093/eurjpc/zwac176"
"40405040","Predicting patient-reported outcomes of radiofrequency uvulopalatoplasty with tonsillectomy in adult obstructive sleep apnea","Tschopp S, Esaltato D, Tschopp K, Azalmad K, Caversaccio M, Borner U.","Sleep Breath. 2025 May 22;29(3):194. doi: 10.1007/s11325-025-03366-4.","Tschopp S","Sleep Breath","2025","2025/05/22","PMC12098473","","10.1007/s11325-025-03366-4"
"35280804","Tumor Burden in Patients With Hepatocellular Carcinoma Undergoing Transarterial Chemoembolization: Head-to-Head Comparison of Current Scoring Systems","Müller L, Hahn F, Auer TA, Fehrenbach U, Gebauer B, Haubold J, Zensen S, Kim MS, Eisenblätter M, Diallo TD, Bettinger D, Steinle V, Chang DH, Zopfs D, Pinto Dos Santos D, Kloeckner R.","Front Oncol. 2022 Feb 23;12:850454. doi: 10.3389/fonc.2022.850454. eCollection 2022.","Müller L","Front Oncol","2022","2022/03/14","PMC8904349","","10.3389/fonc.2022.850454"
"34367985","Quantitative Prediction of Microsatellite Instability in Colorectal Cancer With Preoperative PET/CT-Based Radiomics","Li J, Yang Z, Xin B, Hao Y, Wang L, Song S, Xu J, Wang X.","Front Oncol. 2021 Jul 22;11:702055. doi: 10.3389/fonc.2021.702055. eCollection 2021.","Li J","Front Oncol","2021","2021/08/09","PMC8339969","","10.3389/fonc.2021.702055"
"36093555","A LASSO-based survival prediction model for patients with synchronous colorectal carcinomas based on SEER","Xu Y, Wang X, Huang Y, Ye D, Chi P.","Transl Cancer Res. 2022 Aug;11(8):2795-2809. doi: 10.21037/tcr-20-1860.","Xu Y","Transl Cancer Res","2022","2022/09/12","PMC9459507","","10.21037/tcr-20-1860"
"39145333","Development and Validation of Predictive Model for a Diagnosis of First Episode Psychosis Using the Multinational EU-GEI Case-control Study and Modern Statistical Learning Methods","Ajnakina O, Fadilah I, Quattrone D, Arango C, Berardi D, Bernardo M, Bobes J, de Haan L, Del-Ben CM, Gayer-Anderson C, Stilo S, Jongsma HE, Lasalvia A, Tosato S, Llorca PM, Menezes PR, Rutten BP, Santos JL, Sanjuán J, Selten JP, Szöke A, Tarricone I, D'Andrea G, Tortelli A, Velthorst E, Jones PB, Romero MA, La Cascia C, Kirkbride JB, van Os J, O'Donovan M, Morgan C, di Forti M, Murray RM; EU-GEI WP2 Group; Stahl D.","Schizophr Bull Open. 2023 Mar 10;4(1):sgad008. doi: 10.1093/schizbullopen/sgad008. eCollection 2023 Jan.","Ajnakina O","Schizophr Bull Open","2023","2024/08/15","PMC11207766","","10.1093/schizbullopen/sgad008"
"36866292","Shoulder Range of Motion Measurements and Baseball Elbow Injuries: Ambiguity in Scientific Models, Approach, and Execution is Hurting Overhead Athlete Health","Bullock GS, Thigpen CA, Martin CL, Losciale J, Michener L, Whiteley R, Waterman BR, Tokish JM, Camp C, Shanley E.","Arthrosc Sports Med Rehabil. 2022 Dec 12;5(1):e297-e304. doi: 10.1016/j.asmr.2022.11.001. eCollection 2023 Feb.","Bullock GS","Arthrosc Sports Med Rehabil","2022","2023/03/03","PMC9971890","","10.1016/j.asmr.2022.11.001"
"34032690","Machine Learning Algorithms Predict Prolonged Opioid Use in Opioid-Naïve Primary Hip Arthroscopy Patients","Kunze KN, Polce EM, Alter TD, Nho SJ.","J Am Acad Orthop Surg Glob Res Rev. 2021 May 25;5(5):e21.00093-8. doi: 10.5435/JAAOSGlobal-D-21-00093.","Kunze KN","J Am Acad Orthop Surg Glob Res Rev","2021","2021/05/25","PMC8154386","","10.5435/JAAOSGlobal-D-21-00093"
"39108421","Machine Learning Identification of Modifiable Predictors of Patient Outcomes After Transcatheter Aortic Valve Replacement","Russo MJ, Elmariah S, Kaneko T, Daniels DV, Makkar RR, Chikermane SG, Thompson C, Benuzillo J, Clancy S, Pawlikowski A, Lawrence S, Luck J.","JACC Adv. 2024 Jul 16;3(8):101116. doi: 10.1016/j.jacadv.2024.101116. eCollection 2024 Aug.","Russo MJ","JACC Adv","2024","2024/08/07","PMC11301356","","10.1016/j.jacadv.2024.101116"
"36382801","Development of a Clinical Prediction Model for Diabetes in Chronic Pancreatitis: The PREDICT3c Study","Jeon C, Hart PA, Li L, Yang Y, Chang E, Bellin MD, Fisher WE, Fogel EL, Forsmark CE, Park WG, Van Den Eeden SK, Vege SS, Serrano J, Whitcomb DC, Andersen DK, Conwell DL, Yadav D, Goodarzi MO.","Diabetes Care. 2023 Jan 1;46(1):46-55. doi: 10.2337/dc22-1414.","Jeon C","Diabetes Care","2023","2022/11/16","PMC9797648","","10.2337/dc22-1414"
"36797285","Radiomics analysis of contrast-enhanced T1W MRI: predicting the recurrence of acute pancreatitis","Tang L, Ma L, Chen Y, Hu Y, Chen X, Huang X, Liu N.","Sci Rep. 2023 Feb 16;13(1):2762. doi: 10.1038/s41598-022-13650-y.","Tang L","Sci Rep","2023","2023/02/16","PMC9935887","","10.1038/s41598-022-13650-y"
"36707189","Predicting severe chronic obstructive pulmonary disease exacerbations using quantitative CT: a retrospective model development and external validation study","Chaudhary MFA, Hoffman EA, Guo J, Comellas AP, Newell JD Jr, Nagpal P, Fortis S, Christensen GE, Gerard SE, Pan Y, Wang D, Abtin F, Barjaktarevic IZ, Barr RG, Bhatt SP, Bodduluri S, Cooper CB, Gravens-Mueller L, Han MK, Kazerooni EA, Martinez FJ, Menchaca MG, Ortega VE, Iii RP, Schroeder JD, Woodruff PG, Reinhardt JM.","Lancet Digit Health. 2023 Feb;5(2):e83-e92. doi: 10.1016/S2589-7500(22)00232-1.","Chaudhary MFA","Lancet Digit Health","2023","2023/01/27","PMC9896720","NIHMS1868704","10.1016/S2589-7500(22)00232-1"
"38826743","Deep learning model integrating radiologic and clinical data to predict mortality after ischemic stroke","Kim C, Kwon JM, Lee J, Jo H, Gwon D, Jang JH, Sung MK, Park SW, Kim C, Oh MY.","Heliyon. 2024 May 16;10(10):e31000. doi: 10.1016/j.heliyon.2024.e31000. eCollection 2024 May 30.","Kim C","Heliyon","2024","2024/06/03","PMC11141274","","10.1016/j.heliyon.2024.e31000"
"40123892","Construction and validation of novel nomograms based on the log odds of positive lymph nodes to predict the prognosis of papillary thyroid cancer: a retrospective cohort study","Jing S, Song J, Di Y, Xiao J, Ma J, Wu Z.","Front Endocrinol (Lausanne). 2025 Mar 7;16:1411426. doi: 10.3389/fendo.2025.1411426. eCollection 2025.","Jing S","Front Endocrinol (Lausanne)","2025","2025/03/24","PMC11925767","","10.3389/fendo.2025.1411426"
"27482647","Evaluating the risk of ovarian cancer before surgery using the ADNEX model: a multicentre external validation study","Sayasneh A, Ferrara L, De Cock B, Saso S, Al-Memar M, Johnson S, Kaijser J, Carvalho J, Husicka R, Smith A, Stalder C, Blanco MC, Ettore G, Van Calster B, Timmerman D, Bourne T.","Br J Cancer. 2016 Aug 23;115(5):542-8. doi: 10.1038/bjc.2016.227. Epub 2016 Aug 2.","Sayasneh A","Br J Cancer","2016","2016/08/03","PMC4997550","","10.1038/bjc.2016.227"
"36823165","Predictive models in emergency medicine and their missing data strategies: a systematic review","Arnaud E, Elbattah M, Ammirati C, Dequen G, Ghazali DA.","NPJ Digit Med. 2023 Feb 23;6(1):28. doi: 10.1038/s41746-023-00770-6.","Arnaud E","NPJ Digit Med","2023","2023/02/23","PMC9950346","","10.1038/s41746-023-00770-6"
"27730492","Creation and validation of the acute heart failure risk score: AHFRS","Garcia-Gutierrez S, Quintana JM, Antón-Ladislao A, Gallardo MS, Pulido E, Rilo I, Zubillaga E, Morillas M, Onaindia JJ, Murga N, Palenzuela R, Ruiz JG; AHFRS Group.","Intern Emerg Med. 2017 Dec;12(8):1197-1206. doi: 10.1007/s11739-016-1541-4. Epub 2016 Oct 11.","Garcia-Gutierrez S","Intern Emerg Med","2017","2016/10/13","","","10.1007/s11739-016-1541-4"
"40444092","Early prediction of colorectal adenoma risk: leveraging large-language model for clinical electronic medical record data","Yang X, Xu J, Ji H, Li J, Yang B, Wang L.","Front Oncol. 2025 May 15;15:1508455. doi: 10.3389/fonc.2025.1508455. eCollection 2025.","Yang X","Front Oncol","2025","2025/05/30","PMC12119310","","10.3389/fonc.2025.1508455"
"34262866","Development and Validation of Prognostic Nomograms Based on Gross Tumor Volume and Cervical Nodal Volume for Nasopharyngeal Carcinoma Patients With Concurrent Chemoradiotherapy","Zhang CD, Li M, Hong YJ, Cai ZM, Huang KC, Lin ZX, Yang ZN.","Front Oncol. 2021 Jun 28;11:682271. doi: 10.3389/fonc.2021.682271. eCollection 2021.","Zhang CD","Front Oncol","2021","2021/07/15","PMC8273655","","10.3389/fonc.2021.682271"
"34417899","Preselection of robust radiomic features does not improve outcome modelling in non-small cell lung cancer based on clinical routine FDG-PET imaging","Oliveira C, Amstutz F, Vuong D, Bogowicz M, Hüllner M, Foerster R, Basler L, Schröder C, Eboulet EI, Pless M, Thierstein S, Peters S, Hillinger S, Tanadini-Lang S, Guckenberger M.","EJNMMI Res. 2021 Aug 21;11(1):79. doi: 10.1186/s13550-021-00809-3.","Oliveira C","EJNMMI Res","2021","2021/08/21","PMC8380219","","10.1186/s13550-021-00809-3"
"40182683","Predicting red blood cell transfusion for primary hip and knee arthroplasty: Designing a hub and spoke high-volume arthroplasty model","Hayter E, Badial V, Barter R, Hodgson H, Anakwe RE.","J Clin Orthop Trauma. 2025 Mar 12;64:102974. doi: 10.1016/j.jcot.2025.102974. eCollection 2025 May.","Hayter E","J Clin Orthop Trauma","2025","2025/04/04","PMC11964665","","10.1016/j.jcot.2025.102974"
"39762725","Habitat-based MRI radiomics to predict the origin of brain metastasis","Sun Y, Wang Y, Jiang M, Jia W, Chen H, Wang H, Ding Y, Wang X, Yang C, Sun B, Zhao P, Jiang W.","Med Phys. 2025 May;52(5):3075-3087. doi: 10.1002/mp.17610. Epub 2025 Jan 6.","Sun Y","Med Phys","2025","2025/01/06","PMC12082803","","10.1002/mp.17610"
"34335978","Radiomics in prostate cancer imaging for a personalized treatment approach - current aspects of methodology and a systematic review on validated studies","Spohn SKB, Bettermann AS, Bamberg F, Benndorf M, Mix M, Nicolay NH, Fechter T, Hölscher T, Grosu R, Chiti A, Grosu AL, Zamboglou C.","Theranostics. 2021 Jul 6;11(16):8027-8042. doi: 10.7150/thno.61207. eCollection 2021.","Spohn SKB","Theranostics","2021","2021/08/02","PMC8315055","","10.7150/thno.61207"
"40634828","Development and Validation of a Novel Risk Calculator to Predict Sub-optimal HIV Outcomes Among Pregnant and Postpartum Women with HIV in Kenya","Owuor K, Turan JM, Szychowski JM, Onono M, Ongeri L, Beres LK, Helova A, Ouma E, Onyando M, Patel RC, Oyaro P, Abuogi LL, Hampanda K.","AIDS Behav. 2025 Jul 10:10.1007/s10461-025-04814-8. doi: 10.1007/s10461-025-04814-8. Online ahead of print.","Owuor K","AIDS Behav","2025","2025/07/09","PMC12335848","NIHMS2097073","10.1007/s10461-025-04814-8"
"40717860","Preprocedural neutrophil-to-lymphocyte ratio: A novel predictor of permanent pacemaker implantation in self-expandable vs balloon-expandable valve cohorts following transcatheter aortic valve implantation","Khadija HA, Alnees M, Ayyad O, Gandelman G, Sella G, Hamdeh NA, Haim A, Hamdan Y, Kirzhner A, Darwish A, Najajra D, Schiller T, Blatt A, George J.","Heart Rhythm O2. 2025 Mar 11;6(6):766-780. doi: 10.1016/j.hroo.2025.03.003. eCollection 2025 Jun.","Khadija HA","Heart Rhythm O2","2025","2025/07/28","PMC12287960","","10.1016/j.hroo.2025.03.003"
"33965640","Learning from past respiratory failure patients to triage COVID-19 patient ventilator needs: A multi-institutional study","Carmichael H, Coquet J, Sun R, Sang S, Groat D, Asch SM, Bledsoe J, Peltan ID, Jacobs JR, Hernandez-Boussard T.","J Biomed Inform. 2021 Jul;119:103802. doi: 10.1016/j.jbi.2021.103802. Epub 2021 May 27.","Carmichael H","J Biomed Inform","2021","2021/05/09","PMC8159260","","10.1016/j.jbi.2021.103802"
"38938477","Moving From PQRST to AI: Advancing Transparency, Reliability, and Clinical Translation in ECG Deep Learning","Haggerty CM, Poterucha TJ.","JACC Adv. 2023 Nov 8;2(10):100682. doi: 10.1016/j.jacadv.2023.100682. eCollection 2023 Dec.","Haggerty CM","JACC Adv","2023","2024/06/28","PMC11198208","","10.1016/j.jacadv.2023.100682"
"33753286","A study design for statistical learning technique to predict radiological progression with an application of idiopathic pulmonary fibrosis using chest CT images","Kim GHJ, Shi Y, Yu W, Wong WK.","Contemp Clin Trials. 2021 May;104:106333. doi: 10.1016/j.cct.2021.106333. Epub 2021 Mar 19.","Kim GHJ","Contemp Clin Trials","2021","2021/03/23","PMC8204677","NIHMS1688344","10.1016/j.cct.2021.106333"
"33032545","Risk score for predicting primary cesarean delivery in women with gestational diabetes mellitus","Phaloprakarn C, Tangjitgamol S.","BMC Pregnancy Childbirth. 2020 Oct 8;20(1):607. doi: 10.1186/s12884-020-03306-y.","Phaloprakarn C","BMC Pregnancy Childbirth","2020","2020/10/09","PMC7545573","","10.1186/s12884-020-03306-y"
"35532797","A machine learning approach applied to gynecological ultrasound to predict progression-free survival in ovarian cancer patients","Arezzo F, Cormio G, La Forgia D, Santarsiero CM, Mongelli M, Lombardi C, Cazzato G, Cicinelli E, Loizzi V.","Arch Gynecol Obstet. 2022 Dec;306(6):2143-2154. doi: 10.1007/s00404-022-06578-1. Epub 2022 May 9.","Arezzo F","Arch Gynecol Obstet","2022","2022/05/09","PMC9633520","","10.1007/s00404-022-06578-1"
"34673634","Development and External Validation of a Model for Predicting Sufficient Filter Lifespan in Anticoagulation-Free Continuous Renal Replacement Therapy Patients","Zhang W, Bai M, Zhang L, Yu Y, Li Y, Zhao L, Yue Y, Li Y, Zhang M, Fu P, Sun S, Chen X.","Blood Purif. 2022;51(8):668-678. doi: 10.1159/000519409. Epub 2021 Oct 21.","Zhang W","Blood Purif","2022","2021/10/21","PMC9501746","","10.1159/000519409"
"39251255","Automated Idiopathic Normal Pressure Hydrocephalus Diagnosis via Artificial Intelligence-Based 3D T1 MRI Volumetric Analysis","Lee J, Kim D, Suh CH, Yun S, Choi KS, Lee S, Jung W, Kim J, Heo H, Shim WH, Jo S, Chung SJ, Lim JS, Kim HS, Kim SJ, Lee JH.","AJNR Am J Neuroradiol. 2025 Jan 8;46(1):33-40. doi: 10.3174/ajnr.A8489.","Lee J","AJNR Am J Neuroradiol","2025","2024/09/09","PMC11735443","","10.3174/ajnr.A8489"
"37088692","Development and international validation of custom-engineered and code-free deep-learning models for detection of plus disease in retinopathy of prematurity: a retrospective study","Wagner SK, Liefers B, Radia M, Zhang G, Struyven R, Faes L, Than J, Balal S, Hennings C, Kilduff C, Pooprasert P, Glinton S, Arunakirinathan M, Giannakis P, Braimah IZ, Ahmed ISH, Al-Feky M, Khalid H, Ferraz D, Vieira J, Jorge R, Husain S, Ravelo J, Hinds AM, Henderson R, Patel HI, Ostmo S, Campbell JP, Pontikos N, Patel PJ, Keane PA, Adams G, Balaskas K.","Lancet Digit Health. 2023 Jun;5(6):e340-e349. doi: 10.1016/S2589-7500(23)00050-X. Epub 2023 Apr 21.","Wagner SK","Lancet Digit Health","2023","2023/04/23","PMC10279502","NIHMS1904817","10.1016/S2589-7500(23)00050-X"
"36877860","Application of machine learning approach in emergency department to support clinical decision making for SARS-CoV-2 infected patients","Casano N, Santini SJ, Vittorini P, Sinatti G, Carducci P, Mastroianni CM, Ciardi MR, Pasculli P, Petrucci E, Marinangeli F, Balsano C.","J Integr Bioinform. 2023 Mar 7;20(2):20220047. doi: 10.1515/jib-2022-0047. eCollection 2023 Jun 1.","Casano N","J Integr Bioinform","2023","2023/03/06","PMC10561065","","10.1515/jib-2022-0047"
"34703636","Using machine learning to create a decision tree model to predict outcomes of COVID-19 cases in the Philippines","Migriño JR Jr, Batangan ARU.","Western Pac Surveill Response J. 2021 Sep 14;12(3):56-64. doi: 10.5365/wpsar.2021.12.3.831. eCollection 2021 Jul-Sep.","Migriño JR Jr","Western Pac Surveill Response J","2021","2021/10/27","PMC8521127","","10.5365/wpsar.2021.12.3.831"
"34189612","Machine learning for MRI radiomics: a study predicting tumor-infiltrating lymphocytes in patients with pancreatic ductal adenocarcinoma","Bian Y, Liu YF, Jiang H, Meng Y, Liu F, Cao K, Zhang H, Fang X, Li J, Yu J, Feng X, Li Q, Wang L, Lu J, Shao C.","Abdom Radiol (NY). 2021 Oct;46(10):4800-4816. doi: 10.1007/s00261-021-03159-9. Epub 2021 Jun 29.","Bian Y","Abdom Radiol (NY)","2021","2021/06/30","","","10.1007/s00261-021-03159-9"
"39661385","Development and Validation of a Smartphone Application for Neonatal Jaundice Screening","Ngeow AJH, Moosa AS, Tan MG, Zou L, Goh MMR, Lim GH, Tagamolila V, Ereno I, Durnford JR, Cheung SKH, Hong NWJ, Soh SY, Tay YY, Chang ZY, Ong R, Tsang LPM, Yip BKL, Chia KW, Yap K, Lim MH, Ta AWA, Goh HL, Yeo CL, Chan DKL, Tan NC; BiliSG Study Group.","JAMA Netw Open. 2024 Dec 2;7(12):e2450260. doi: 10.1001/jamanetworkopen.2024.50260.","Ngeow AJH","JAMA Netw Open","2024","2024/12/11","PMC11635536","","10.1001/jamanetworkopen.2024.50260"
"37485178","Development and Validation of Two Prediction Models for 72-Hour Mortality in High-Risk Trauma Patients Using a Benchmark Dataset: A Comparative Study of Logistic Regression and Neural Networks Models","Islam MM.","Cureus. 2023 Jun 22;15(6):e40773. doi: 10.7759/cureus.40773. eCollection 2023 Jun.","Islam MM","Cureus","2023","2023/07/24","PMC10362405","","10.7759/cureus.40773"
"39669362","Lactylation-related gene signature accurately predicts prognosis and immunotherapy response in gastric cancer","Sun X, Dong H, Su R, Chen J, Li W, Yin S, Zhang C.","Front Oncol. 2024 Nov 28;14:1485580. doi: 10.3389/fonc.2024.1485580. eCollection 2024.","Sun X","Front Oncol","2024","2024/12/13","PMC11634757","","10.3389/fonc.2024.1485580"
"39806502","Comparing prediction accuracy for 30-day readmission following primary total knee arthroplasty: the ACS-NSQIP risk calculator versus a novel artificial neural network model","Buddhiraju A, Shimizu MR, Chen TL, Seo HH, Bacevich BM, Xiao P, Kwon YM.","Knee Surg Relat Res. 2025 Jan 13;37(1):3. doi: 10.1186/s43019-024-00256-z.","Buddhiraju A","Knee Surg Relat Res","2025","2025/01/13","PMC11727824","","10.1186/s43019-024-00256-z"
"40251301","Automated pain detection using facial expression in adult patients with a customized spatial temporal attention long short-term memory (STA-LSTM) network","Tan CW, Du T, Teo JC, Chan DXH, Kong WM, Sng BL.","Sci Rep. 2025 Apr 18;15(1):13429. doi: 10.1038/s41598-025-97885-5.","Tan CW","Sci Rep","2025","2025/04/18","PMC12008390","","10.1038/s41598-025-97885-5"
"32621237","Radiomics nomogram for the prediction of 2019 novel coronavirus pneumonia caused by SARS-CoV-2","Fang X, Li X, Bian Y, Ji X, Lu J.","Eur Radiol. 2020 Dec;30(12):6888-6901. doi: 10.1007/s00330-020-07032-z. Epub 2020 Jul 3.","Fang X","Eur Radiol","2020","2020/07/05","PMC7332742","","10.1007/s00330-020-07032-z"
"36691474","AFP score and metroticket 2.0 perform similarly and could be used in a ""within-ALL"" clinical decision tool","Piñero F, Costentin C, Degroote H, Notarpaolo A, Boin IF, Boudjema K, Baccaro C, Chagas A, Bachellier P, Ettorre GM, Poniachik J, Muscari F, Dibenedetto F, Duque SH, Salame E, Cillo U, Marciano S, Vanlemmens C, Fagiuoli S, Carrilho F, Cherqui D, Burra P, Van Vlierberghe H, Lai Q, Silva M, Rubinstein F, Duvoux C; collaborative group for HCC and liver transplantation; France; Latin America; Italy; Belgium.","JHEP Rep. 2022 Dec 5;5(2):100644. doi: 10.1016/j.jhepr.2022.100644. eCollection 2023 Feb.","Piñero F","JHEP Rep","2022","2023/01/24","PMC9860475","","10.1016/j.jhepr.2022.100644"
"34991733","Radiomics nomogram for the preoperative prediction of lymph node metastasis in pancreatic ductal adenocarcinoma","Bian Y, Guo S, Jiang H, Gao S, Shao C, Cao K, Fang X, Li J, Wang L, Ma C, Zheng J, Jin G, Lu J.","Cancer Imaging. 2022 Jan 6;22(1):4. doi: 10.1186/s40644-021-00443-1.","Bian Y","Cancer Imaging","2022","2022/01/07","PMC8734356","","10.1186/s40644-021-00443-1"
"33594834","There is a paucity of economic evaluations of prediction methods of caries and periodontitis-A systematic review","Fransson H, Davidson T, Rohlin M; Foresight Research Consortium; Christell H.","Clin Exp Dent Res. 2021 Jun;7(3):385-398. doi: 10.1002/cre2.405. Epub 2021 Feb 16.","Fransson H","Clin Exp Dent Res","2021","2021/02/17","PMC8204028","","10.1002/cre2.405"
"38512488","Predicting Peri-Operative Cardiorespiratory Adverse Events in Children with Idiopathic Pulmonary Arterial Hypertension Undergoing Cardiac Catheterization Using Echocardiography: A Cohort Study","Dawes TJW, Woodham V, Sharkey E, McEwan A, Derrick G, Muthurangu V, Moledina S, Hepburn L.","Pediatr Cardiol. 2025 Feb;46(2):475-484. doi: 10.1007/s00246-024-03447-3. Epub 2024 Mar 21.","Dawes TJW","Pediatr Cardiol","2025","2024/03/21","PMC11787273","","10.1007/s00246-024-03447-3"
"35211485","Transportability and Implementation Challenges of Early Warning Scores for Septic Shock in the ICU: A Perspective on the TREWScore","Niemantsverdriet MSA, Varkila MRJ, Vromen-Wijsman JLP, Hoefer IE, Bellomo D, van Vliet MH, van Solinge WW, Cremer OL, Haitjema S.","Front Med (Lausanne). 2022 Feb 8;8:793815. doi: 10.3389/fmed.2021.793815. eCollection 2021.","Niemantsverdriet MSA","Front Med (Lausanne)","2022","2022/02/25","PMC8860834","","10.3389/fmed.2021.793815"
"35581928","Role of radiomics in predicting immunotherapy response","Kothari G.","J Med Imaging Radiat Oncol. 2022 Jun;66(4):575-591. doi: 10.1111/1754-9485.13426. Epub 2022 May 17.","Kothari G","J Med Imaging Radiat Oncol","2022","2022/05/18","PMC9323544","","10.1111/1754-9485.13426"
"34315785","Guidelines for Conducting Ethical Artificial Intelligence Research in Neurology: A Systematic Approach for Clinicians and Researchers","Chiang S, Picard RW, Chiong W, Moss R, Worrell GA, Rao VR, Goldenholz DM.","Neurology. 2021 Sep 28;97(13):632-640. doi: 10.1212/WNL.0000000000012570. Epub 2021 Jul 27.","Chiang S","Neurology","2021","2021/07/28","PMC8480407","","10.1212/WNL.0000000000012570"
"33169861","Machine-learning algorithms for predicting hospital re-admissions in sickle cell disease","Patel A, Gan K, Li AA, Weiss J, Nouraie M, Tayur S, Novelli EM.","Br J Haematol. 2021 Jan;192(1):158-170. doi: 10.1111/bjh.17107. Epub 2020 Nov 10.","Patel A","Br J Haematol","2021","2020/11/10","PMC11423862","NIHMS2019697","10.1111/bjh.17107"
"39757364","Risk Factors Analysis of Cutaneous Adverse Drug Reactions Caused by Targeted Therapy and Immunotherapy Drugs for Oncology and Establishment of a Prediction Model","Zhang Z, Zhu M, Jiang W.","Clin Transl Sci. 2025 Jan;18(1):e70118. doi: 10.1111/cts.70118.","Zhang Z","Clin Transl Sci","2025","2025/01/05","PMC11702459","","10.1111/cts.70118"
"40144285","Transparency in the secondary use of health data: assessing the status quo of guidance and best practices","van den Akker OR, Thibault RT, Ioannidis JPA, Schorr SG, Strech D.","R Soc Open Sci. 2025 Mar 26;12(3):241364. doi: 10.1098/rsos.241364. eCollection 2025 Mar.","van den Akker OR","R Soc Open Sci","2025","2025/03/27","PMC11937929","","10.1098/rsos.241364"
"40240960","Risk factors of stroke-associated pneumonia in patients with acute ischemic stroke treated by endovascular thrombectomy","Lin K, Deng X, Xiao Y, Yang Z, He Z, Li X, Cheng W.","BMC Neurol. 2025 Apr 16;25(1):165. doi: 10.1186/s12883-025-04182-9.","Lin K","BMC Neurol","2025","2025/04/16","PMC12004848","","10.1186/s12883-025-04182-9"
"33407175","Development and validation of prediction model to estimate 10-year risk of all-cause mortality using modern statistical learning methods: a large population-based cohort study and external validation","Ajnakina O, Agbedjro D, McCammon R, Faul J, Murray RM, Stahl D, Steptoe A.","BMC Med Res Methodol. 2021 Jan 6;21(1):8. doi: 10.1186/s12874-020-01204-7.","Ajnakina O","BMC Med Res Methodol","2021","2021/01/07","PMC7789636","","10.1186/s12874-020-01204-7"
"40397102","Diagnostic Value of (18)F-FDG PET/CT Radiomics in Lymphoma: A Systematic Review and Meta-Analysis","Liu C, Zhao J, Zhang H, Ni X.","Technol Cancer Res Treat. 2025 Jan-Dec;24:15330338251342860. doi: 10.1177/15330338251342860. Epub 2025 May 21.","Liu C","Technol Cancer Res Treat","2025","2025/05/21","PMC12099142","","10.1177/15330338251342860"
"36157260","Development and Validation of a Prognostic Nomogram to Predict 30-Day Mortality Risk in Patients with Sepsis-Induced Cardiorenal Syndrome","Liu Y, Zhang Y, Lu Y, Li HT, Yu C.","Kidney Dis (Basel). 2022 May 3;8(4):334-346. doi: 10.1159/000524483. eCollection 2022 Jul.","Liu Y","Kidney Dis (Basel)","2022","2022/09/26","PMC9386441","","10.1159/000524483"
"36428219","Incidence and Prognosis Nomogram of Small Solitary Lung Cancer (≤2 cm) With Extra-Thoracic Metastasis at Initial Diagnosis:A Population-Based Study","Hu A, Chen Z, Liu C, Gao Y, Deng C, Liu X.","Cancer Control. 2022 Jan-Dec;29:10732748221141560. doi: 10.1177/10732748221141560.","Hu A","Cancer Control","2022","2022/11/25","PMC9703543","","10.1177/10732748221141560"
"33282444","Development and Validation of a Prognostic Risk Score System for COVID-19 Inpatients: A Multi-Center Retrospective Study in China","Yuan Y, Sun C, Tang X, Cheng C, Mombaerts L, Wang M, Hu T, Sun C, Guo Y, Li X, Xu H, Ren T, Xiao Y, Xiao Y, Zhu H, Wu H, Li K, Chen C, Liu Y, Liang Z, Cao Z, Zhang HT, Paschaldis IC, Liu Q, Goncalves J, Zhong Q, Yan L.","Engineering (Beijing). 2022 Jan;8:116-121. doi: 10.1016/j.eng.2020.10.013. Epub 2020 Nov 28.","Yuan Y","Engineering (Beijing)","2022","2020/12/07","PMC7695569","","10.1016/j.eng.2020.10.013"
"40461518","Development and validation of a risk prediction model for kinesiophobia in postoperative lung cancer patients: an interpretable machine learning algorithm study","Li C, Lin Y, Xiao X, Guo X, Fei J, Lu Y, Zhao J, Zhang L.","Sci Rep. 2025 Jun 3;15(1):19412. doi: 10.1038/s41598-025-03575-7.","Li C","Sci Rep","2025","2025/06/03","PMC12134359","","10.1038/s41598-025-03575-7"
